{
  "nbformat": 4,
  "nbformat_minor": 0,
  "metadata": {
    "colab": {
      "provenance": []
    },
    "kernelspec": {
      "name": "python3",
      "display_name": "Python 3"
    },
    "language_info": {
      "name": "python"
    }
  },
  "cells": [
    {
      "cell_type": "code",
      "execution_count": 1,
      "metadata": {
        "id": "kiB1y24HUCbD"
      },
      "outputs": [],
      "source": [
        "import os\n",
        "import cv2 # OpenCV untuk pemrosesan gambar\n",
        "import numpy as np # NumPy untuk operasi numerik\n",
        "from skimage.feature import graycomatrix, graycoprops # Scikit-image untuk GLCM\n",
        "from sklearn.model_selection import train_test_split # Untuk membagi dataset\n",
        "from sklearn.preprocessing import LabelEncoder # Untuk mengubah label string menjadi angka\n",
        "from sklearn.neighbors import KNeighborsClassifier # Classifier K-Nearest Neighbors\n",
        "from sklearn.metrics import accuracy_score, classification_report # Untuk evaluasi model\n",
        "from google.colab import drive # Untuk menghubungkan Google Drive\n",
        "import matplotlib.pyplot as plt # Untuk plotting (opsional)"
      ]
    },
    {
      "cell_type": "code",
      "source": [
        "try:\n",
        "    drive.mount('/content/drive')\n",
        "    dataset_path = '/content/drive/MyDrive/ekspresi_wajah'\n",
        "    print(\"Google Drive berhasil di-mount.\") # Tambahkan konfirmasi jika berhasil\n",
        "    print(f\"Path dataset diatur ke: {dataset_path}\")\n",
        "except Exception as e:\n",
        "    print(f\"Terjadi error saat me-mount Google Drive atau mengatur path: {e}\")\n",
        "    dataset_path = None # Atau path default jika mount gagal"
      ],
      "metadata": {
        "colab": {
          "base_uri": "https://localhost:8080/"
        },
        "id": "Ezx-AQ3OW3kd",
        "outputId": "bd07be22-9824-4092-930d-fe6eb5590681"
      },
      "execution_count": 4,
      "outputs": [
        {
          "output_type": "stream",
          "name": "stdout",
          "text": [
            "Mounted at /content/drive\n",
            "Google Drive berhasil di-mount.\n",
            "Path dataset diatur ke: /content/drive/MyDrive/ekspresi_wajah\n"
          ]
        }
      ]
    },
    {
      "cell_type": "code",
      "source": [
        "IMAGE_SIZE = (256, 256) # Ukuran gambar sesuai paper [cite: 5]\n",
        "GLCM_DISTANCES = [1]  # Jarak antar piksel untuk GLCM. Paper tidak menyebutkan secara spesifik, 1 adalah jarak yang umum.\n",
        "GLCM_ANGLES = [0, np.pi/4, np.pi/2, 3*np.pi/4] # Sudut 0, 45, 90, 135 derajat [cite: 46]\n",
        "GLCM_PROPERTIES = ['contrast', 'correlation', 'energy', 'homogeneity'] # Properti GLCM yang diekstrak [cite: 51]"
      ],
      "metadata": {
        "id": "I8lvkJvXXX1f"
      },
      "execution_count": 14,
      "outputs": []
    },
    {
      "cell_type": "code",
      "source": [
        "def extract_glcm_features(image):\n",
        "    # Konversi ke grayscale jika gambar belum grayscale\n",
        "    if image.ndim > 2 and image.shape[2] > 1 : # Periksa apakah bukan grayscale\n",
        "         gray_image = cv2.cvtColor(image, cv2.COLOR_BGR2GRAY)\n",
        "    else:\n",
        "         gray_image = image\n",
        "\n",
        "    # Pastikan gambar adalah uint8, seperti yang diharapkan oleh graycomatrix\n",
        "    if gray_image.dtype != np.uint8:\n",
        "        gray_image = gray_image.astype(np.uint8)\n",
        "\n",
        "    # Hitung GLCM\n",
        "    glcm = graycomatrix(gray_image,\n",
        "                        distances=GLCM_DISTANCES,\n",
        "                        angles=GLCM_ANGLES,\n",
        "                        levels=256,  # Mengasumsikan gambar grayscale 8-bit\n",
        "                        symmetric=True, # Membuat matriks simetris [cite: 49]\n",
        "                        normed=True) # Normalisasi matriks [cite: 50]\n",
        "\n",
        "    features = []\n",
        "    for prop in GLCM_PROPERTIES:\n",
        "        # Rata-ratakan properti untuk semua sudut untuk setiap jarak\n",
        "        # Karena kita hanya memiliki satu jarak, ini menyederhanakan\n",
        "        prop_values = graycoprops(glcm, prop).ravel() # Ravel untuk meratakan array (flatten)\n",
        "        features.extend(prop_values)\n",
        "    return np.array(features)\n"
      ],
      "metadata": {
        "id": "c5013Vo_X5qZ"
      },
      "execution_count": 15,
      "outputs": []
    },
    {
      "cell_type": "code",
      "source": [
        "def load_dataset(dataset_dir):\n",
        "\n",
        "    images = []\n",
        "    labels = []\n",
        "    # Dapatkan nama kelas (nama emosi) dari nama subfolder\n",
        "    expression_classes = sorted([d for d in os.listdir(dataset_dir) if os.path.isdir(os.path.join(dataset_dir, d))])\n",
        "\n",
        "\n",
        "    if not expression_classes:\n",
        "        print(f\"Tidak ada subdirektori yang ditemukan di {dataset_dir}. Silakan periksa path dan struktur dataset.\")\n",
        "        return None, None, None\n",
        "\n",
        "    print(f\"Kelas ekspresi yang ditemukan: {expression_classes}\")\n",
        "\n",
        "    for expression_label in expression_classes:\n",
        "        expression_path = os.path.join(dataset_dir, expression_label)\n",
        "        if os.path.isdir(expression_path):\n",
        "            for image_name in os.listdir(expression_path):\n",
        "                image_path = os.path.join(expression_path, image_name)\n",
        "                try:\n",
        "                    # Baca gambar\n",
        "                    img = cv2.imread(image_path)\n",
        "                    if img is None:\n",
        "                        print(f\"Peringatan: Tidak dapat membaca gambar {image_path}. Melewati.\")\n",
        "                        continue\n",
        "\n",
        "                    # Pra-pemrosesan: Ubah ukuran gambar [cite: 5]\n",
        "                    img_resized = cv2.resize(img, IMAGE_SIZE)\n",
        "                    # Konversi grayscale akan ditangani dalam fungsi extract_glcm_features\n",
        "\n",
        "                    images.append(img_resized)\n",
        "                    labels.append(expression_label)\n",
        "                except Exception as e:\n",
        "                    print(f\"Error saat memproses gambar {image_path}: {e}\")\n",
        "\n",
        "    if not images:\n",
        "        print(\"Tidak ada gambar yang dimuat. Silakan periksa path dataset dan file gambar Anda.\")\n",
        "        return None, None, None\n",
        "\n",
        "    return images, labels, expression_classes\n"
      ],
      "metadata": {
        "id": "mbDcoLd-YSFy"
      },
      "execution_count": 16,
      "outputs": []
    },
    {
      "cell_type": "code",
      "source": [
        "print(\"Memuat dataset...\")\n",
        "# Buat struktur direktori dataset dummy jika dataset_path tidak ada, untuk tujuan pengujian.\n",
        "# Dalam skenario nyata, Anda akan mengunggah dataset Anda.\n",
        "if not os.path.exists(dataset_path):\n",
        "    print(f\"Path dataset '{dataset_path}' tidak ada. Membuat struktur dummy untuk demonstrasi.\")\n",
        "    print(\"Harap unggah dataset Anda yang sebenarnya dan perbarui 'dataset_path'.\")\n",
        "    os.makedirs(os.path.join(dataset_path, 'happy'), exist_ok=True)\n",
        "    os.makedirs(os.path.join(dataset_path, 'sad'), exist_ok=True)\n",
        "    print(f\"Folder dummy dibuat: {os.path.join(dataset_path, 'happy')}, {os.path.join(dataset_path, 'sad')}\")\n",
        "    print(\"Tambahkan beberapa gambar .jpg atau .png ke folder ini untuk melanjutkan demo.\")\n",
        "\n",
        "\n",
        "images_data, labels_data, class_names = load_dataset(dataset_path)\n",
        "\n",
        "if images_data is None or not images_data:\n",
        "    print(\"Pemuatan dataset gagal atau dataset kosong. Program berhenti.\")\n",
        "else:\n",
        "    print(f\"Berhasil memuat {len(images_data)} gambar.\")\n",
        "\n",
        "    print(\"Mengekstrak fitur GLCM...\")\n",
        "    features_list = []\n",
        "    for i, img in enumerate(images_data):\n",
        "        print(f\"Memproses gambar {i+1}/{len(images_data)}...\")\n",
        "        try:\n",
        "            glcm_feats = extract_glcm_features(img)\n",
        "            features_list.append(glcm_feats)\n",
        "        except Exception as e:\n",
        "            print(f\"Error saat mengekstrak fitur untuk satu gambar: {e}\")\n",
        "            # Opsional, tambahkan vektor fitur dummy atau lewati\n",
        "            # Untuk saat ini, mari kita asumsikan jika satu gagal, kita mungkin mengalami masalah.\n",
        "            # Jika gambar gagal dimuat sebagai uint8, extract_glcm_features menanganinya.\n",
        "\n",
        "    if not features_list:\n",
        "        print(\"Tidak ada fitur yang diekstrak. Ini mungkin disebabkan oleh masalah dalam pemrosesan gambar atau semua gambar gagal.\")\n",
        "    else:\n",
        "        X = np.array(features_list) # Matriks fitur\n",
        "        y_str = np.array(labels_data) # Label dalam bentuk string\n",
        "\n",
        "        # Encode label string ke integer karena model ML memerlukan input numerik\n",
        "        label_encoder = LabelEncoder()\n",
        "        y = label_encoder.fit_transform(y_str) # Label dalam bentuk angka\n",
        "\n",
        "        print(f\"Bentuk matriks fitur (X): {X.shape}\")\n",
        "        print(f\"Bentuk label (y): {y.shape}\")\n",
        "\n",
        "        # Membagi dataset menjadi data latih dan data uji\n",
        "        # Paper menyebutkan 60% pelatihan dan 30% pengujian[cite: 68].\n",
        "        # Kita akan menggunakan test_size=0.3 untuk 30% data uji.\n",
        "        # Stratify=y penting untuk menjaga proporsi kelas dalam data latih dan uji,\n",
        "        # terutama jika jumlah sampel per kelas tidak seimbang.\n",
        "        try:\n",
        "            X_train, X_test, y_train, y_test = train_test_split(\n",
        "                X, y,\n",
        "                test_size=0.30, # 30% untuk data uji, sisanya untuk data latih\n",
        "                random_state=42, # Untuk reproduktifitas hasil\n",
        "                stratify=y # Menjaga proporsi kelas\n",
        "            )\n",
        "        except ValueError as e:\n",
        "             print(f\"Error saat train_test_split (kemungkinan karena terlalu sedikit sampel per kelas untuk stratifikasi): {e}\")\n",
        "             print(\"Pertimbangkan untuk menggunakan dataset yang lebih besar atau menghapus stratifikasi jika kelas terlalu kecil.\")\n",
        "             # Fallback ke non-stratified jika terjadi kesalahan, meskipun tidak ideal\n",
        "             X_train, X_test, y_train, y_test = train_test_split(\n",
        "                X, y, test_size=0.30, random_state=42\n",
        "            )\n",
        "\n",
        "        print(f\"Jumlah sampel latih: {X_train.shape[0]}\")\n",
        "        print(f\"Jumlah sampel uji: {X_test.shape[0]}\")"
      ],
      "metadata": {
        "colab": {
          "base_uri": "https://localhost:8080/"
        },
        "collapsed": true,
        "id": "NVoUjWu0ajL8",
        "outputId": "a0a00e51-eb80-49f0-bea8-4fe8a837531b"
      },
      "execution_count": 17,
      "outputs": [
        {
          "output_type": "stream",
          "name": "stdout",
          "text": [
            "Memuat dataset...\n",
            "Kelas ekspresi yang ditemukan: ['jijik', 'marah', 'sedih', 'senang', 'takut']\n",
            "Berhasil memuat 783 gambar.\n",
            "Mengekstrak fitur GLCM...\n",
            "Memproses gambar 1/783...\n",
            "Memproses gambar 2/783...\n",
            "Memproses gambar 3/783...\n",
            "Memproses gambar 4/783...\n",
            "Memproses gambar 5/783...\n",
            "Memproses gambar 6/783...\n",
            "Memproses gambar 7/783...\n",
            "Memproses gambar 8/783...\n",
            "Memproses gambar 9/783...\n",
            "Memproses gambar 10/783...\n",
            "Memproses gambar 11/783...\n",
            "Memproses gambar 12/783...\n",
            "Memproses gambar 13/783...\n",
            "Memproses gambar 14/783...\n",
            "Memproses gambar 15/783...\n",
            "Memproses gambar 16/783...\n",
            "Memproses gambar 17/783...\n",
            "Memproses gambar 18/783...\n",
            "Memproses gambar 19/783...\n",
            "Memproses gambar 20/783...\n",
            "Memproses gambar 21/783...\n",
            "Memproses gambar 22/783...\n",
            "Memproses gambar 23/783...\n",
            "Memproses gambar 24/783...\n",
            "Memproses gambar 25/783...\n",
            "Memproses gambar 26/783...\n",
            "Memproses gambar 27/783...\n",
            "Memproses gambar 28/783...\n",
            "Memproses gambar 29/783...\n",
            "Memproses gambar 30/783...\n",
            "Memproses gambar 31/783...\n",
            "Memproses gambar 32/783...\n",
            "Memproses gambar 33/783...\n",
            "Memproses gambar 34/783...\n",
            "Memproses gambar 35/783...\n",
            "Memproses gambar 36/783...\n",
            "Memproses gambar 37/783...\n",
            "Memproses gambar 38/783...\n",
            "Memproses gambar 39/783...\n",
            "Memproses gambar 40/783...\n",
            "Memproses gambar 41/783...\n",
            "Memproses gambar 42/783...\n",
            "Memproses gambar 43/783...\n",
            "Memproses gambar 44/783...\n",
            "Memproses gambar 45/783...\n",
            "Memproses gambar 46/783...\n",
            "Memproses gambar 47/783...\n",
            "Memproses gambar 48/783...\n",
            "Memproses gambar 49/783...\n",
            "Memproses gambar 50/783...\n",
            "Memproses gambar 51/783...\n",
            "Memproses gambar 52/783...\n",
            "Memproses gambar 53/783...\n",
            "Memproses gambar 54/783...\n",
            "Memproses gambar 55/783...\n",
            "Memproses gambar 56/783...\n",
            "Memproses gambar 57/783...\n",
            "Memproses gambar 58/783...\n",
            "Memproses gambar 59/783...\n",
            "Memproses gambar 60/783...\n",
            "Memproses gambar 61/783...\n",
            "Memproses gambar 62/783...\n",
            "Memproses gambar 63/783...\n",
            "Memproses gambar 64/783...\n",
            "Memproses gambar 65/783...\n",
            "Memproses gambar 66/783...\n",
            "Memproses gambar 67/783...\n",
            "Memproses gambar 68/783...\n",
            "Memproses gambar 69/783...\n",
            "Memproses gambar 70/783...\n",
            "Memproses gambar 71/783...\n",
            "Memproses gambar 72/783...\n",
            "Memproses gambar 73/783...\n",
            "Memproses gambar 74/783...\n",
            "Memproses gambar 75/783...\n",
            "Memproses gambar 76/783...\n",
            "Memproses gambar 77/783...\n",
            "Memproses gambar 78/783...\n",
            "Memproses gambar 79/783...\n",
            "Memproses gambar 80/783...\n",
            "Memproses gambar 81/783...\n",
            "Memproses gambar 82/783...\n",
            "Memproses gambar 83/783...\n",
            "Memproses gambar 84/783...\n",
            "Memproses gambar 85/783...\n",
            "Memproses gambar 86/783...\n",
            "Memproses gambar 87/783...\n",
            "Memproses gambar 88/783...\n",
            "Memproses gambar 89/783...\n",
            "Memproses gambar 90/783...\n",
            "Memproses gambar 91/783...\n",
            "Memproses gambar 92/783...\n",
            "Memproses gambar 93/783...\n",
            "Memproses gambar 94/783...\n",
            "Memproses gambar 95/783...\n",
            "Memproses gambar 96/783...\n",
            "Memproses gambar 97/783...\n",
            "Memproses gambar 98/783...\n",
            "Memproses gambar 99/783...\n",
            "Memproses gambar 100/783...\n",
            "Memproses gambar 101/783...\n",
            "Memproses gambar 102/783...\n",
            "Memproses gambar 103/783...\n",
            "Memproses gambar 104/783...\n",
            "Memproses gambar 105/783...\n",
            "Memproses gambar 106/783...\n",
            "Memproses gambar 107/783...\n",
            "Memproses gambar 108/783...\n",
            "Memproses gambar 109/783...\n",
            "Memproses gambar 110/783...\n",
            "Memproses gambar 111/783...\n",
            "Memproses gambar 112/783...\n",
            "Memproses gambar 113/783...\n",
            "Memproses gambar 114/783...\n",
            "Memproses gambar 115/783...\n",
            "Memproses gambar 116/783...\n",
            "Memproses gambar 117/783...\n",
            "Memproses gambar 118/783...\n",
            "Memproses gambar 119/783...\n",
            "Memproses gambar 120/783...\n",
            "Memproses gambar 121/783...\n",
            "Memproses gambar 122/783...\n",
            "Memproses gambar 123/783...\n",
            "Memproses gambar 124/783...\n",
            "Memproses gambar 125/783...\n",
            "Memproses gambar 126/783...\n",
            "Memproses gambar 127/783...\n",
            "Memproses gambar 128/783...\n",
            "Memproses gambar 129/783...\n",
            "Memproses gambar 130/783...\n",
            "Memproses gambar 131/783...\n",
            "Memproses gambar 132/783...\n",
            "Memproses gambar 133/783...\n",
            "Memproses gambar 134/783...\n",
            "Memproses gambar 135/783...\n",
            "Memproses gambar 136/783...\n",
            "Memproses gambar 137/783...\n",
            "Memproses gambar 138/783...\n",
            "Memproses gambar 139/783...\n",
            "Memproses gambar 140/783...\n",
            "Memproses gambar 141/783...\n",
            "Memproses gambar 142/783...\n",
            "Memproses gambar 143/783...\n",
            "Memproses gambar 144/783...\n",
            "Memproses gambar 145/783...\n",
            "Memproses gambar 146/783...\n",
            "Memproses gambar 147/783...\n",
            "Memproses gambar 148/783...\n",
            "Memproses gambar 149/783...\n",
            "Memproses gambar 150/783...\n",
            "Memproses gambar 151/783...\n",
            "Memproses gambar 152/783...\n",
            "Memproses gambar 153/783...\n",
            "Memproses gambar 154/783...\n",
            "Memproses gambar 155/783...\n",
            "Memproses gambar 156/783...\n",
            "Memproses gambar 157/783...\n",
            "Memproses gambar 158/783...\n",
            "Memproses gambar 159/783...\n",
            "Memproses gambar 160/783...\n",
            "Memproses gambar 161/783...\n",
            "Memproses gambar 162/783...\n",
            "Memproses gambar 163/783...\n",
            "Memproses gambar 164/783...\n",
            "Memproses gambar 165/783...\n",
            "Memproses gambar 166/783...\n",
            "Memproses gambar 167/783...\n",
            "Memproses gambar 168/783...\n",
            "Memproses gambar 169/783...\n",
            "Memproses gambar 170/783...\n",
            "Memproses gambar 171/783...\n",
            "Memproses gambar 172/783...\n",
            "Memproses gambar 173/783...\n",
            "Memproses gambar 174/783...\n",
            "Memproses gambar 175/783...\n",
            "Memproses gambar 176/783...\n",
            "Memproses gambar 177/783...\n",
            "Memproses gambar 178/783...\n",
            "Memproses gambar 179/783...\n",
            "Memproses gambar 180/783...\n",
            "Memproses gambar 181/783...\n",
            "Memproses gambar 182/783...\n",
            "Memproses gambar 183/783...\n",
            "Memproses gambar 184/783...\n",
            "Memproses gambar 185/783...\n",
            "Memproses gambar 186/783...\n",
            "Memproses gambar 187/783...\n",
            "Memproses gambar 188/783...\n",
            "Memproses gambar 189/783...\n",
            "Memproses gambar 190/783...\n",
            "Memproses gambar 191/783...\n",
            "Memproses gambar 192/783...\n",
            "Memproses gambar 193/783...\n",
            "Memproses gambar 194/783...\n",
            "Memproses gambar 195/783...\n",
            "Memproses gambar 196/783...\n",
            "Memproses gambar 197/783...\n",
            "Memproses gambar 198/783...\n",
            "Memproses gambar 199/783...\n",
            "Memproses gambar 200/783...\n",
            "Memproses gambar 201/783...\n",
            "Memproses gambar 202/783...\n",
            "Memproses gambar 203/783...\n",
            "Memproses gambar 204/783...\n",
            "Memproses gambar 205/783...\n",
            "Memproses gambar 206/783...\n",
            "Memproses gambar 207/783...\n",
            "Memproses gambar 208/783...\n",
            "Memproses gambar 209/783...\n",
            "Memproses gambar 210/783...\n",
            "Memproses gambar 211/783...\n",
            "Memproses gambar 212/783...\n",
            "Memproses gambar 213/783...\n",
            "Memproses gambar 214/783...\n",
            "Memproses gambar 215/783...\n",
            "Memproses gambar 216/783...\n",
            "Memproses gambar 217/783...\n",
            "Memproses gambar 218/783...\n",
            "Memproses gambar 219/783...\n",
            "Memproses gambar 220/783...\n",
            "Memproses gambar 221/783...\n",
            "Memproses gambar 222/783...\n",
            "Memproses gambar 223/783...\n",
            "Memproses gambar 224/783...\n",
            "Memproses gambar 225/783...\n",
            "Memproses gambar 226/783...\n",
            "Memproses gambar 227/783...\n",
            "Memproses gambar 228/783...\n",
            "Memproses gambar 229/783...\n",
            "Memproses gambar 230/783...\n",
            "Memproses gambar 231/783...\n",
            "Memproses gambar 232/783...\n",
            "Memproses gambar 233/783...\n",
            "Memproses gambar 234/783...\n",
            "Memproses gambar 235/783...\n",
            "Memproses gambar 236/783...\n",
            "Memproses gambar 237/783...\n",
            "Memproses gambar 238/783...\n",
            "Memproses gambar 239/783...\n",
            "Memproses gambar 240/783...\n",
            "Memproses gambar 241/783...\n",
            "Memproses gambar 242/783...\n",
            "Memproses gambar 243/783...\n",
            "Memproses gambar 244/783...\n",
            "Memproses gambar 245/783...\n",
            "Memproses gambar 246/783...\n",
            "Memproses gambar 247/783...\n",
            "Memproses gambar 248/783...\n",
            "Memproses gambar 249/783...\n",
            "Memproses gambar 250/783...\n",
            "Memproses gambar 251/783...\n",
            "Memproses gambar 252/783...\n",
            "Memproses gambar 253/783...\n",
            "Memproses gambar 254/783...\n",
            "Memproses gambar 255/783...\n",
            "Memproses gambar 256/783...\n",
            "Memproses gambar 257/783...\n",
            "Memproses gambar 258/783...\n",
            "Memproses gambar 259/783...\n",
            "Memproses gambar 260/783...\n",
            "Memproses gambar 261/783...\n",
            "Memproses gambar 262/783...\n",
            "Memproses gambar 263/783...\n",
            "Memproses gambar 264/783...\n",
            "Memproses gambar 265/783...\n",
            "Memproses gambar 266/783...\n",
            "Memproses gambar 267/783...\n",
            "Memproses gambar 268/783...\n",
            "Memproses gambar 269/783...\n",
            "Memproses gambar 270/783...\n",
            "Memproses gambar 271/783...\n",
            "Memproses gambar 272/783...\n",
            "Memproses gambar 273/783...\n",
            "Memproses gambar 274/783...\n",
            "Memproses gambar 275/783...\n",
            "Memproses gambar 276/783...\n",
            "Memproses gambar 277/783...\n",
            "Memproses gambar 278/783...\n",
            "Memproses gambar 279/783...\n",
            "Memproses gambar 280/783...\n",
            "Memproses gambar 281/783...\n",
            "Memproses gambar 282/783...\n",
            "Memproses gambar 283/783...\n",
            "Memproses gambar 284/783...\n",
            "Memproses gambar 285/783...\n",
            "Memproses gambar 286/783...\n",
            "Memproses gambar 287/783...\n",
            "Memproses gambar 288/783...\n",
            "Memproses gambar 289/783...\n",
            "Memproses gambar 290/783...\n",
            "Memproses gambar 291/783...\n",
            "Memproses gambar 292/783...\n",
            "Memproses gambar 293/783...\n",
            "Memproses gambar 294/783...\n",
            "Memproses gambar 295/783...\n",
            "Memproses gambar 296/783...\n",
            "Memproses gambar 297/783...\n",
            "Memproses gambar 298/783...\n",
            "Memproses gambar 299/783...\n",
            "Memproses gambar 300/783...\n",
            "Memproses gambar 301/783...\n",
            "Memproses gambar 302/783...\n",
            "Memproses gambar 303/783...\n",
            "Memproses gambar 304/783...\n",
            "Memproses gambar 305/783...\n",
            "Memproses gambar 306/783...\n",
            "Memproses gambar 307/783...\n",
            "Memproses gambar 308/783...\n",
            "Memproses gambar 309/783...\n",
            "Memproses gambar 310/783...\n",
            "Memproses gambar 311/783...\n",
            "Memproses gambar 312/783...\n",
            "Memproses gambar 313/783...\n",
            "Memproses gambar 314/783...\n",
            "Memproses gambar 315/783...\n",
            "Memproses gambar 316/783...\n",
            "Memproses gambar 317/783...\n",
            "Memproses gambar 318/783...\n",
            "Memproses gambar 319/783...\n",
            "Memproses gambar 320/783...\n",
            "Memproses gambar 321/783...\n",
            "Memproses gambar 322/783...\n",
            "Memproses gambar 323/783...\n",
            "Memproses gambar 324/783...\n",
            "Memproses gambar 325/783...\n",
            "Memproses gambar 326/783...\n",
            "Memproses gambar 327/783...\n",
            "Memproses gambar 328/783...\n",
            "Memproses gambar 329/783...\n",
            "Memproses gambar 330/783...\n",
            "Memproses gambar 331/783...\n",
            "Memproses gambar 332/783...\n",
            "Memproses gambar 333/783...\n",
            "Memproses gambar 334/783...\n",
            "Memproses gambar 335/783...\n",
            "Memproses gambar 336/783...\n",
            "Memproses gambar 337/783...\n",
            "Memproses gambar 338/783...\n",
            "Memproses gambar 339/783...\n",
            "Memproses gambar 340/783...\n",
            "Memproses gambar 341/783...\n",
            "Memproses gambar 342/783...\n",
            "Memproses gambar 343/783...\n",
            "Memproses gambar 344/783...\n",
            "Memproses gambar 345/783...\n",
            "Memproses gambar 346/783...\n",
            "Memproses gambar 347/783...\n",
            "Memproses gambar 348/783...\n",
            "Memproses gambar 349/783...\n",
            "Memproses gambar 350/783...\n",
            "Memproses gambar 351/783...\n",
            "Memproses gambar 352/783...\n",
            "Memproses gambar 353/783...\n",
            "Memproses gambar 354/783...\n",
            "Memproses gambar 355/783...\n",
            "Memproses gambar 356/783...\n",
            "Memproses gambar 357/783...\n",
            "Memproses gambar 358/783...\n",
            "Memproses gambar 359/783...\n",
            "Memproses gambar 360/783...\n",
            "Memproses gambar 361/783...\n",
            "Memproses gambar 362/783...\n",
            "Memproses gambar 363/783...\n",
            "Memproses gambar 364/783...\n",
            "Memproses gambar 365/783...\n",
            "Memproses gambar 366/783...\n",
            "Memproses gambar 367/783...\n",
            "Memproses gambar 368/783...\n",
            "Memproses gambar 369/783...\n",
            "Memproses gambar 370/783...\n",
            "Memproses gambar 371/783...\n",
            "Memproses gambar 372/783...\n",
            "Memproses gambar 373/783...\n",
            "Memproses gambar 374/783...\n",
            "Memproses gambar 375/783...\n",
            "Memproses gambar 376/783...\n",
            "Memproses gambar 377/783...\n",
            "Memproses gambar 378/783...\n",
            "Memproses gambar 379/783...\n",
            "Memproses gambar 380/783...\n",
            "Memproses gambar 381/783...\n",
            "Memproses gambar 382/783...\n",
            "Memproses gambar 383/783...\n",
            "Memproses gambar 384/783...\n",
            "Memproses gambar 385/783...\n",
            "Memproses gambar 386/783...\n",
            "Memproses gambar 387/783...\n",
            "Memproses gambar 388/783...\n",
            "Memproses gambar 389/783...\n",
            "Memproses gambar 390/783...\n",
            "Memproses gambar 391/783...\n",
            "Memproses gambar 392/783...\n",
            "Memproses gambar 393/783...\n",
            "Memproses gambar 394/783...\n",
            "Memproses gambar 395/783...\n",
            "Memproses gambar 396/783...\n",
            "Memproses gambar 397/783...\n",
            "Memproses gambar 398/783...\n",
            "Memproses gambar 399/783...\n",
            "Memproses gambar 400/783...\n",
            "Memproses gambar 401/783...\n",
            "Memproses gambar 402/783...\n",
            "Memproses gambar 403/783...\n",
            "Memproses gambar 404/783...\n",
            "Memproses gambar 405/783...\n",
            "Memproses gambar 406/783...\n",
            "Memproses gambar 407/783...\n",
            "Memproses gambar 408/783...\n",
            "Memproses gambar 409/783...\n",
            "Memproses gambar 410/783...\n",
            "Memproses gambar 411/783...\n",
            "Memproses gambar 412/783...\n",
            "Memproses gambar 413/783...\n",
            "Memproses gambar 414/783...\n",
            "Memproses gambar 415/783...\n",
            "Memproses gambar 416/783...\n",
            "Memproses gambar 417/783...\n",
            "Memproses gambar 418/783...\n",
            "Memproses gambar 419/783...\n",
            "Memproses gambar 420/783...\n",
            "Memproses gambar 421/783...\n",
            "Memproses gambar 422/783...\n",
            "Memproses gambar 423/783...\n",
            "Memproses gambar 424/783...\n",
            "Memproses gambar 425/783...\n",
            "Memproses gambar 426/783...\n",
            "Memproses gambar 427/783...\n",
            "Memproses gambar 428/783...\n",
            "Memproses gambar 429/783...\n",
            "Memproses gambar 430/783...\n",
            "Memproses gambar 431/783...\n",
            "Memproses gambar 432/783...\n",
            "Memproses gambar 433/783...\n",
            "Memproses gambar 434/783...\n",
            "Memproses gambar 435/783...\n",
            "Memproses gambar 436/783...\n",
            "Memproses gambar 437/783...\n",
            "Memproses gambar 438/783...\n",
            "Memproses gambar 439/783...\n",
            "Memproses gambar 440/783...\n",
            "Memproses gambar 441/783...\n",
            "Memproses gambar 442/783...\n",
            "Memproses gambar 443/783...\n",
            "Memproses gambar 444/783...\n",
            "Memproses gambar 445/783...\n",
            "Memproses gambar 446/783...\n",
            "Memproses gambar 447/783...\n",
            "Memproses gambar 448/783...\n",
            "Memproses gambar 449/783...\n",
            "Memproses gambar 450/783...\n",
            "Memproses gambar 451/783...\n",
            "Memproses gambar 452/783...\n",
            "Memproses gambar 453/783...\n",
            "Memproses gambar 454/783...\n",
            "Memproses gambar 455/783...\n",
            "Memproses gambar 456/783...\n",
            "Memproses gambar 457/783...\n",
            "Memproses gambar 458/783...\n",
            "Memproses gambar 459/783...\n",
            "Memproses gambar 460/783...\n",
            "Memproses gambar 461/783...\n",
            "Memproses gambar 462/783...\n",
            "Memproses gambar 463/783...\n",
            "Memproses gambar 464/783...\n",
            "Memproses gambar 465/783...\n",
            "Memproses gambar 466/783...\n",
            "Memproses gambar 467/783...\n",
            "Memproses gambar 468/783...\n",
            "Memproses gambar 469/783...\n",
            "Memproses gambar 470/783...\n",
            "Memproses gambar 471/783...\n",
            "Memproses gambar 472/783...\n",
            "Memproses gambar 473/783...\n",
            "Memproses gambar 474/783...\n",
            "Memproses gambar 475/783...\n",
            "Memproses gambar 476/783...\n",
            "Memproses gambar 477/783...\n",
            "Memproses gambar 478/783...\n",
            "Memproses gambar 479/783...\n",
            "Memproses gambar 480/783...\n",
            "Memproses gambar 481/783...\n",
            "Memproses gambar 482/783...\n",
            "Memproses gambar 483/783...\n",
            "Memproses gambar 484/783...\n",
            "Memproses gambar 485/783...\n",
            "Memproses gambar 486/783...\n",
            "Memproses gambar 487/783...\n",
            "Memproses gambar 488/783...\n",
            "Memproses gambar 489/783...\n",
            "Memproses gambar 490/783...\n",
            "Memproses gambar 491/783...\n",
            "Memproses gambar 492/783...\n",
            "Memproses gambar 493/783...\n",
            "Memproses gambar 494/783...\n",
            "Memproses gambar 495/783...\n",
            "Memproses gambar 496/783...\n",
            "Memproses gambar 497/783...\n",
            "Memproses gambar 498/783...\n",
            "Memproses gambar 499/783...\n",
            "Memproses gambar 500/783...\n",
            "Memproses gambar 501/783...\n",
            "Memproses gambar 502/783...\n",
            "Memproses gambar 503/783...\n",
            "Memproses gambar 504/783...\n",
            "Memproses gambar 505/783...\n",
            "Memproses gambar 506/783...\n",
            "Memproses gambar 507/783...\n",
            "Memproses gambar 508/783...\n",
            "Memproses gambar 509/783...\n",
            "Memproses gambar 510/783...\n",
            "Memproses gambar 511/783...\n",
            "Memproses gambar 512/783...\n",
            "Memproses gambar 513/783...\n",
            "Memproses gambar 514/783...\n",
            "Memproses gambar 515/783...\n",
            "Memproses gambar 516/783...\n",
            "Memproses gambar 517/783...\n",
            "Memproses gambar 518/783...\n",
            "Memproses gambar 519/783...\n",
            "Memproses gambar 520/783...\n",
            "Memproses gambar 521/783...\n",
            "Memproses gambar 522/783...\n",
            "Memproses gambar 523/783...\n",
            "Memproses gambar 524/783...\n",
            "Memproses gambar 525/783...\n",
            "Memproses gambar 526/783...\n",
            "Memproses gambar 527/783...\n",
            "Memproses gambar 528/783...\n",
            "Memproses gambar 529/783...\n",
            "Memproses gambar 530/783...\n",
            "Memproses gambar 531/783...\n",
            "Memproses gambar 532/783...\n",
            "Memproses gambar 533/783...\n",
            "Memproses gambar 534/783...\n",
            "Memproses gambar 535/783...\n",
            "Memproses gambar 536/783...\n",
            "Memproses gambar 537/783...\n",
            "Memproses gambar 538/783...\n",
            "Memproses gambar 539/783...\n",
            "Memproses gambar 540/783...\n",
            "Memproses gambar 541/783...\n",
            "Memproses gambar 542/783...\n",
            "Memproses gambar 543/783...\n",
            "Memproses gambar 544/783...\n",
            "Memproses gambar 545/783...\n",
            "Memproses gambar 546/783...\n",
            "Memproses gambar 547/783...\n",
            "Memproses gambar 548/783...\n",
            "Memproses gambar 549/783...\n",
            "Memproses gambar 550/783...\n",
            "Memproses gambar 551/783...\n",
            "Memproses gambar 552/783...\n",
            "Memproses gambar 553/783...\n",
            "Memproses gambar 554/783...\n",
            "Memproses gambar 555/783...\n",
            "Memproses gambar 556/783...\n",
            "Memproses gambar 557/783...\n",
            "Memproses gambar 558/783...\n",
            "Memproses gambar 559/783...\n",
            "Memproses gambar 560/783...\n",
            "Memproses gambar 561/783...\n",
            "Memproses gambar 562/783...\n",
            "Memproses gambar 563/783...\n",
            "Memproses gambar 564/783...\n",
            "Memproses gambar 565/783...\n",
            "Memproses gambar 566/783...\n",
            "Memproses gambar 567/783...\n",
            "Memproses gambar 568/783...\n",
            "Memproses gambar 569/783...\n",
            "Memproses gambar 570/783...\n",
            "Memproses gambar 571/783...\n",
            "Memproses gambar 572/783...\n",
            "Memproses gambar 573/783...\n",
            "Memproses gambar 574/783...\n",
            "Memproses gambar 575/783...\n",
            "Memproses gambar 576/783...\n",
            "Memproses gambar 577/783...\n",
            "Memproses gambar 578/783...\n",
            "Memproses gambar 579/783...\n",
            "Memproses gambar 580/783...\n",
            "Memproses gambar 581/783...\n",
            "Memproses gambar 582/783...\n",
            "Memproses gambar 583/783...\n",
            "Memproses gambar 584/783...\n",
            "Memproses gambar 585/783...\n",
            "Memproses gambar 586/783...\n",
            "Memproses gambar 587/783...\n",
            "Memproses gambar 588/783...\n",
            "Memproses gambar 589/783...\n",
            "Memproses gambar 590/783...\n",
            "Memproses gambar 591/783...\n",
            "Memproses gambar 592/783...\n",
            "Memproses gambar 593/783...\n",
            "Memproses gambar 594/783...\n",
            "Memproses gambar 595/783...\n",
            "Memproses gambar 596/783...\n",
            "Memproses gambar 597/783...\n",
            "Memproses gambar 598/783...\n",
            "Memproses gambar 599/783...\n",
            "Memproses gambar 600/783...\n",
            "Memproses gambar 601/783...\n",
            "Memproses gambar 602/783...\n",
            "Memproses gambar 603/783...\n",
            "Memproses gambar 604/783...\n",
            "Memproses gambar 605/783...\n",
            "Memproses gambar 606/783...\n",
            "Memproses gambar 607/783...\n",
            "Memproses gambar 608/783...\n",
            "Memproses gambar 609/783...\n",
            "Memproses gambar 610/783...\n",
            "Memproses gambar 611/783...\n",
            "Memproses gambar 612/783...\n",
            "Memproses gambar 613/783...\n",
            "Memproses gambar 614/783...\n",
            "Memproses gambar 615/783...\n",
            "Memproses gambar 616/783...\n",
            "Memproses gambar 617/783...\n",
            "Memproses gambar 618/783...\n",
            "Memproses gambar 619/783...\n",
            "Memproses gambar 620/783...\n",
            "Memproses gambar 621/783...\n",
            "Memproses gambar 622/783...\n",
            "Memproses gambar 623/783...\n",
            "Memproses gambar 624/783...\n",
            "Memproses gambar 625/783...\n",
            "Memproses gambar 626/783...\n",
            "Memproses gambar 627/783...\n",
            "Memproses gambar 628/783...\n",
            "Memproses gambar 629/783...\n",
            "Memproses gambar 630/783...\n",
            "Memproses gambar 631/783...\n",
            "Memproses gambar 632/783...\n",
            "Memproses gambar 633/783...\n",
            "Memproses gambar 634/783...\n",
            "Memproses gambar 635/783...\n",
            "Memproses gambar 636/783...\n",
            "Memproses gambar 637/783...\n",
            "Memproses gambar 638/783...\n",
            "Memproses gambar 639/783...\n",
            "Memproses gambar 640/783...\n",
            "Memproses gambar 641/783...\n",
            "Memproses gambar 642/783...\n",
            "Memproses gambar 643/783...\n",
            "Memproses gambar 644/783...\n",
            "Memproses gambar 645/783...\n",
            "Memproses gambar 646/783...\n",
            "Memproses gambar 647/783...\n",
            "Memproses gambar 648/783...\n",
            "Memproses gambar 649/783...\n",
            "Memproses gambar 650/783...\n",
            "Memproses gambar 651/783...\n",
            "Memproses gambar 652/783...\n",
            "Memproses gambar 653/783...\n",
            "Memproses gambar 654/783...\n",
            "Memproses gambar 655/783...\n",
            "Memproses gambar 656/783...\n",
            "Memproses gambar 657/783...\n",
            "Memproses gambar 658/783...\n",
            "Memproses gambar 659/783...\n",
            "Memproses gambar 660/783...\n",
            "Memproses gambar 661/783...\n",
            "Memproses gambar 662/783...\n",
            "Memproses gambar 663/783...\n",
            "Memproses gambar 664/783...\n",
            "Memproses gambar 665/783...\n",
            "Memproses gambar 666/783...\n",
            "Memproses gambar 667/783...\n",
            "Memproses gambar 668/783...\n",
            "Memproses gambar 669/783...\n",
            "Memproses gambar 670/783...\n",
            "Memproses gambar 671/783...\n",
            "Memproses gambar 672/783...\n",
            "Memproses gambar 673/783...\n",
            "Memproses gambar 674/783...\n",
            "Memproses gambar 675/783...\n",
            "Memproses gambar 676/783...\n",
            "Memproses gambar 677/783...\n",
            "Memproses gambar 678/783...\n",
            "Memproses gambar 679/783...\n",
            "Memproses gambar 680/783...\n",
            "Memproses gambar 681/783...\n",
            "Memproses gambar 682/783...\n",
            "Memproses gambar 683/783...\n",
            "Memproses gambar 684/783...\n",
            "Memproses gambar 685/783...\n",
            "Memproses gambar 686/783...\n",
            "Memproses gambar 687/783...\n",
            "Memproses gambar 688/783...\n",
            "Memproses gambar 689/783...\n",
            "Memproses gambar 690/783...\n",
            "Memproses gambar 691/783...\n",
            "Memproses gambar 692/783...\n",
            "Memproses gambar 693/783...\n",
            "Memproses gambar 694/783...\n",
            "Memproses gambar 695/783...\n",
            "Memproses gambar 696/783...\n",
            "Memproses gambar 697/783...\n",
            "Memproses gambar 698/783...\n",
            "Memproses gambar 699/783...\n",
            "Memproses gambar 700/783...\n",
            "Memproses gambar 701/783...\n",
            "Memproses gambar 702/783...\n",
            "Memproses gambar 703/783...\n",
            "Memproses gambar 704/783...\n",
            "Memproses gambar 705/783...\n",
            "Memproses gambar 706/783...\n",
            "Memproses gambar 707/783...\n",
            "Memproses gambar 708/783...\n",
            "Memproses gambar 709/783...\n",
            "Memproses gambar 710/783...\n",
            "Memproses gambar 711/783...\n",
            "Memproses gambar 712/783...\n",
            "Memproses gambar 713/783...\n",
            "Memproses gambar 714/783...\n",
            "Memproses gambar 715/783...\n",
            "Memproses gambar 716/783...\n",
            "Memproses gambar 717/783...\n",
            "Memproses gambar 718/783...\n",
            "Memproses gambar 719/783...\n",
            "Memproses gambar 720/783...\n",
            "Memproses gambar 721/783...\n",
            "Memproses gambar 722/783...\n",
            "Memproses gambar 723/783...\n",
            "Memproses gambar 724/783...\n",
            "Memproses gambar 725/783...\n",
            "Memproses gambar 726/783...\n",
            "Memproses gambar 727/783...\n",
            "Memproses gambar 728/783...\n",
            "Memproses gambar 729/783...\n",
            "Memproses gambar 730/783...\n",
            "Memproses gambar 731/783...\n",
            "Memproses gambar 732/783...\n",
            "Memproses gambar 733/783...\n",
            "Memproses gambar 734/783...\n",
            "Memproses gambar 735/783...\n",
            "Memproses gambar 736/783...\n",
            "Memproses gambar 737/783...\n",
            "Memproses gambar 738/783...\n",
            "Memproses gambar 739/783...\n",
            "Memproses gambar 740/783...\n",
            "Memproses gambar 741/783...\n",
            "Memproses gambar 742/783...\n",
            "Memproses gambar 743/783...\n",
            "Memproses gambar 744/783...\n",
            "Memproses gambar 745/783...\n",
            "Memproses gambar 746/783...\n",
            "Memproses gambar 747/783...\n",
            "Memproses gambar 748/783...\n",
            "Memproses gambar 749/783...\n",
            "Memproses gambar 750/783...\n",
            "Memproses gambar 751/783...\n",
            "Memproses gambar 752/783...\n",
            "Memproses gambar 753/783...\n",
            "Memproses gambar 754/783...\n",
            "Memproses gambar 755/783...\n",
            "Memproses gambar 756/783...\n",
            "Memproses gambar 757/783...\n",
            "Memproses gambar 758/783...\n",
            "Memproses gambar 759/783...\n",
            "Memproses gambar 760/783...\n",
            "Memproses gambar 761/783...\n",
            "Memproses gambar 762/783...\n",
            "Memproses gambar 763/783...\n",
            "Memproses gambar 764/783...\n",
            "Memproses gambar 765/783...\n",
            "Memproses gambar 766/783...\n",
            "Memproses gambar 767/783...\n",
            "Memproses gambar 768/783...\n",
            "Memproses gambar 769/783...\n",
            "Memproses gambar 770/783...\n",
            "Memproses gambar 771/783...\n",
            "Memproses gambar 772/783...\n",
            "Memproses gambar 773/783...\n",
            "Memproses gambar 774/783...\n",
            "Memproses gambar 775/783...\n",
            "Memproses gambar 776/783...\n",
            "Memproses gambar 777/783...\n",
            "Memproses gambar 778/783...\n",
            "Memproses gambar 779/783...\n",
            "Memproses gambar 780/783...\n",
            "Memproses gambar 781/783...\n",
            "Memproses gambar 782/783...\n",
            "Memproses gambar 783/783...\n",
            "Bentuk matriks fitur (X): (783, 16)\n",
            "Bentuk label (y): (783,)\n",
            "Jumlah sampel latih: 548\n",
            "Jumlah sampel uji: 235\n"
          ]
        }
      ]
    },
    {
      "cell_type": "code",
      "source": [
        "print(\"Melatih classifier k-Nearest Neighbors...\")\n",
        "model = KNeighborsClassifier(n_neighbors=5) # n_neighbors adalah hyperparameter yang bisa di-tuning\n",
        "model.fit(X_train, y_train)\n",
        "\n",
        "print(\"Mengevaluasi model...\")\n",
        " # Evaluasi pada data latih\n",
        "y_pred_train = model.predict(X_train)\n",
        "train_accuracy = accuracy_score(y_train, y_pred_train)\n",
        "print(f\"Akurasi Pelatihan: {train_accuracy * 100:.2f}%\")\n",
        "\n",
        "        # Evaluasi pada data uji\n",
        "y_pred_test = model.predict(X_test)\n",
        "test_accuracy = accuracy_score(y_test, y_pred_test)\n",
        "print(f\"Akurasi Pengujian: {test_accuracy * 100:.2f}%\")\n",
        "\n",
        "print(\"\\nLaporan Klasifikasi (Data Uji):\")\n",
        "        # Gunakan target_names dari label_encoder untuk menampilkan nama kelas asli\n",
        "report = classification_report(y_test, y_pred_test, target_names=label_encoder.classes_, zero_division=0)\n",
        "print(report)\n"
      ],
      "metadata": {
        "colab": {
          "base_uri": "https://localhost:8080/"
        },
        "id": "GCW7AVg_bf9Q",
        "outputId": "18b19591-fc07-4e52-f8aa-d6b799ac7a56"
      },
      "execution_count": 18,
      "outputs": [
        {
          "output_type": "stream",
          "name": "stdout",
          "text": [
            "Melatih classifier k-Nearest Neighbors...\n",
            "Mengevaluasi model...\n",
            "Akurasi Pelatihan: 50.73%\n",
            "Akurasi Pengujian: 23.40%\n",
            "\n",
            "Laporan Klasifikasi (Data Uji):\n",
            "              precision    recall  f1-score   support\n",
            "\n",
            "       jijik       0.28      0.47      0.35        72\n",
            "       marah       0.12      0.12      0.12        33\n",
            "       sedih       0.21      0.09      0.12        34\n",
            "      senang       0.00      0.00      0.00        31\n",
            "       takut       0.27      0.22      0.24        65\n",
            "\n",
            "    accuracy                           0.23       235\n",
            "   macro avg       0.18      0.18      0.17       235\n",
            "weighted avg       0.21      0.23      0.21       235\n",
            "\n"
          ]
        }
      ]
    }
  ]
}